{"coverage":{},"coverageSummary":{"lines":{"total":0,"covered":0,"skipped":0,"pct":100},"statements":{"total":0,"covered":0,"skipped":0,"pct":100},"functions":{"total":0,"covered":0,"skipped":0,"pct":100},"branches":{"total":0,"covered":0,"skipped":0,"pct":100}},"lints":[{"severity":1,"value":"app/app.js::3: Expected rejection to be handled."},{"severity":1,"value":"app/app.js::5: 'client' declared and assigned in different scopes. Possible asynchronous race condition."},{"severity":1,"value":"app/app.js::14: refrain from simply logging errors."},{"severity":1,"value":"app/app.js::40: Function 'c2c_post' has a complexity of 9."},{"severity":1,"value":"app/app.js::83: Function 'c2c_hangup' has a complexity of 9."},{"severity":1,"value":"app/app.js::128: Function 'c2c_pause' has a complexity of 9."},{"severity":1,"value":"app/app.js::192: Function 'c2c_resume' has a complexity of 9."}],"metricData":{"command":[{"timestamp":"1567762326320","command":"run","arguments":"[]"},{"timestamp":"1567769015677","command":"run","arguments":"[]"},{"timestamp":"1567769030817","command":"validate","arguments":"[]"},{"timestamp":"1567769035085","command":"pack","arguments":"[]"}],"version":[{"fdk_version":"5.1.0"}]}}